{"flutter":{"platforms":{"android":{"default":{"projectId":"paypass-app","appId":"1:865682639683:android:944ffc75beb70185e17df6","fileOutput":"android/app/google-services.json"}},"dart":{"lib/firebase_options.dart":{"projectId":"paypass-app","configurations":{"android":"1:865682639683:android:944ffc75beb70185e17df6","ios":"1:865682639683:ios:17b405d21173ba11e17df6","macos":"1:865682639683:ios:17b405d21173ba11e17df6","web":"1:865682639683:web:db13a043d734502ce17df6","windows":"1:865682639683:web:25bc2163e5112d58e17df6"}}}}}}