{
  "project_info": {
    "project_number": "27674486955",
    "project_id": "paypass-5c24f",
    "storage_bucket": "paypass-5c24f.firebasestorage.app"
  },
  "client": [
    {
      "client_info": {
        "mobilesdk_app_id": "1:27674486955:android:471fc33c72fe27b0602fee",
        "android_client_info": {
          "package_name": "com.example.newapp"
        }
      },
      "oauth_client": [],
      "api_key": [
        {
          "current_key": "AIzaSyBh8JVHvjYCVk_0eiikF9zfEicyozFTXLU"
        }
      ],
      "services": {
        "appinvite_service": {
          "other_platform_oauth_client": []
        }
      }
    }
  ],
  "configuration_version": "1"
}